{
  "conversion_rate": 0.002916680257907384,
  "exposure_rate": 0.03063122299992732,
  "rows": 13979592,
  "treatment_rate": 0.8500001287591226,
  "visit_rate": 0.046992000911042324
}